category	owner	path	excerpt	count
go.direct_grpc_error_projection	tqd-service	tqd-service/infra/handler/grpc/import_region_grpc_handler.go	return _errors.ToGRPC(err)	1
go.direct_grpc_error_projection	tqd-service	tqd-service/infra/handler/grpc/qh_authority_issuring_grpc_handler.go	return _errors.ToGRPC(err)	1
go.direct_grpc_error_projection	tqd-service	tqd-service/infra/handler/grpc/qh_label_grpc_handler.go	return _errors.ToGRPC(err)	1
go.direct_grpc_error_projection	tqd-service	tqd-service/infra/handler/grpc/qh_land_use_grpc_handler.go	return _errors.ToGRPC(err)	1
go.direct_grpc_error_projection	tqd-service	tqd-service/infra/handler/grpc/qh_layer_family_grpc_handler.go	return _errors.ToGRPC(_errors.ReturnError(	1
go.direct_grpc_error_projection	tqd-service	tqd-service/infra/handler/grpc/qh_layer_family_grpc_handler.go	return _errors.ToGRPC(err)	2
go.direct_grpc_error_projection	tqd-service	tqd-service/infra/handler/grpc/qh_layer_family_grpc_handler.go	"return _errors.ToGRPC(fmt.Errorf(""build family PMTiles: %w"", err))"	1
go.direct_grpc_error_projection	tqd-service	tqd-service/infra/handler/grpc/qh_layer_legend_grpc_handler.go	return _errors.ToGRPC(err)	1
go.direct_grpc_error_projection	tqd-service	tqd-service/infra/handler/grpc/region_grpc_handler.go	return _errors.ToGRPC(err)	1
go.direct_grpc_error_projection	tqd-service	tqd-service/infra/handler/grpc/workspace_map_grpc_handler.go	return _errors.ToGRPC(_errors.ReturnError(	1
go.direct_grpc_error_projection	tqd-service	tqd-service/infra/handler/grpc/workspace_map_grpc_handler.go	return _errors.ToGRPC(err)	1
go.direct_grpc_error_projection	user-service	user-service/infra/handler/grpc/plan_version_admin.go	return _errors.ToGRPC(err)	1
go.legacy_numeric_return_error	organization-service	organization-service/internal/usecase/deal_invitation_usecase.go	"return _errors.ReturnError(400, ""invitation is not in pending status"")"	1
go.legacy_numeric_return_error	organization-service	organization-service/internal/usecase/deal_invitation_usecase.go	"return nil, _errors.ReturnError(400, ""invitation already exists for this user"")"	1
go.legacy_shared_error_response	shared/common	shared/common/errors/legacy_grpc.go	detail := &sharepb.ErrorResponse{	1
go.legacy_shared_error_response	shared/common	shared/common/errors/legacy_grpc.go	if response, matched := detail.(*sharepb.ErrorResponse); matched {	1
go.legacy_std_log	map-service	map-service/env/runtime.go	"log.Println(""Environment loaded successfully"")"	1
go.legacy_std_log	map-service	map-service/infra/db/migrate.go	"log.Println(""Database migrations completed successfully"")"	1
go.legacy_std_log	map-service	map-service/infra/db/migrate.go	"log.Println(""Running database migrations..."")"	1
go.legacy_std_log	map-service	map-service/initial/runtime.go	"log.Println(""Runtime initialized successfully"")"	1
go.legacy_std_log	map-service	map-service/main.go	"log.Fatalf(""Failed to initialize app: %v"", err)"	1
go.legacy_std_log	map-service	map-service/main.go	"log.Fatalf(""Failed to initialize runtime: %v"", err)"	1
go.legacy_std_log	map-service	map-service/main.go	"log.Fatalf(""Failed to start server: %v"", err)"	1
go.legacy_std_log	map-service	map-service/main.go	"log.Println(""Starting Map Service on port 8101..."")"	1
go.legacy_std_log	organization-service	organization-service/cmd/grpc/runtime.go	"log.Printf(""Organization database schema mode=%s source=%s"", schemaPolicy.Mode, schemaPolicy.Source)"	1
go.third_party_logger	organization-service	organization-service/config/runtime.go	"""github.com/hyperledger/fabric/common/flogging"""	1
go.third_party_logger	organization-service	organization-service/config/runtime.go	"configLogger = flogging.MustGetLogger(""config"")"	1
go.third_party_logger	organization-service	organization-service/infrastructure/server/grpc/interceptors/auth_interceptor.go	"""github.com/hyperledger/fabric/common/flogging"""	1
go.third_party_logger	organization-service	organization-service/infrastructure/server/grpc/interceptors/auth_interceptor.go	func UnaryAuthInterceptor(logger *flogging.FabricLogger) grpc.UnaryServerInterceptor {	1
go.third_party_logger	organization-service	organization-service/infrastructure/server/grpc/interceptors/logging_interceptor.go	"""github.com/hyperledger/fabric/common/flogging"""	1
go.third_party_logger	organization-service	organization-service/infrastructure/server/grpc/interceptors/logging_interceptor.go	func UnaryLoggerInterceptor(logger *flogging.FabricLogger) grpc.UnaryServerInterceptor {	1
go.third_party_logger	organization-service	organization-service/infrastructure/server/grpc/interceptors/recovery_interceptor.go	"""github.com/hyperledger/fabric/common/flogging"""	1
go.third_party_logger	organization-service	organization-service/infrastructure/server/grpc/interceptors/recovery_interceptor.go	func UnaryRecoveryInterceptor(logger *flogging.FabricLogger) grpc.UnaryServerInterceptor {	1
go.third_party_logger	organization-service	organization-service/infrastructure/server/grpc/runtime.go	"""github.com/hyperledger/fabric/common/flogging"""	1
go.third_party_logger	organization-service	organization-service/infrastructure/server/grpc/runtime.go	func buildGRPCServer(logger *flogging.FabricLogger,	1
go.third_party_logger	organization-service	organization-service/infrastructure/server/grpc/runtime.go	func buildSignalHandler(logger *flogging.FabricLogger) (func() error, func(error)) {	1
go.third_party_logger	organization-service	organization-service/infrastructure/server/grpc/runtime.go	logger *flogging.FabricLogger	1
go.third_party_logger	organization-service	organization-service/infrastructure/server/grpc/runtime.go	logger: flogging.MustGetLogger(env.SERVICE_NAME),	1
go.third_party_logger	organization-service	organization-service/internal/usecase/group_usecase.go	"""github.com/hyperledger/fabric/common/flogging"""	1
go.third_party_logger	organization-service	organization-service/internal/usecase/group_usecase.go	logger *flogging.FabricLogger	1
go.third_party_logger	organization-service	organization-service/internal/usecase/group_usecase.go	"logger: flogging.MustGetLogger(""group_usecase""),"	1
go.transport_error_in_domain_or_usecase	organization-service	organization-service/internal/usecase/organization_member_usecase.go	"return nil, status.Errorf(codes.AlreadyExists, ""Organization member already exists"")"	1
go.transport_error_in_domain_or_usecase	organization-service	organization-service/internal/usecase/organization_member_usecase.go	"return nil, status.Errorf(codes.AlreadyExists, ""Some members already exist in the organization"")"	1
