STT,Content (50 ký tự đầu),Context,Gemini Status,Gemini Success,Gemini Time (ms),Gemini Response Length,Gemini Response,Gemini Error,DeepSeek Status,DeepSeek Success,DeepSeek Time (ms),DeepSeek Response Length,DeepSeek Response,DeepSeek Error,Faster API,Time Diff (ms),Both Success,Timestamp
1,"⭐️ ÔI TRỜI E CẠN LỜI ĐỂ NÓI VỀ LÔ ĐẤT NÀY 
💫💫 Lô đ...",,200,Yes,2132.51,7,success,,200,Yes,2254.79,7,success,,Gemini,122.28,Yes,2025-11-06 09:37:04
2,"
        - Bằng Y , Sơn Đà , Huyện Ba Vì ( cũ ) . ...",,200,Yes,981.63,7,success,,200,Yes,2300.36,7,success,,Gemini,1318.73,Yes,2025-11-06 09:37:08
3,"
        ✈ Bán lô góc 2 mặt tiền diện tích chỉ 88m...",,200,Yes,987.02,7,success,,200,Yes,2415.43,7,success,,Gemini,1428.41,Yes,2025-11-06 09:37:13
4,"
        🤙🤙 ALO QUÝ KHÁCH HÀNG, E XIN NHẮC LẠI LẦN...",,200,Yes,1093.38,7,success,,200,Yes,3007.68,7,success,,Gemini,1914.3,Yes,2025-11-06 09:37:18
5,"
        • 61,3m  Thôn 7, xã Tân Xã, huyện Thạch T...",,200,Yes,1244.13,7,success,,200,Yes,2505.34,7,success,,Gemini,1261.21,Yes,2025-11-06 09:37:23
